-- phpMyAdmin SQL Dump
-- version 5.2.1
-- https://www.phpmyadmin.net/
--
-- Host: localhost:3306
-- Generation Time: Dec 09, 2023 at 03:21 PM
-- Server version: 5.7.44
-- PHP Version: 8.1.25

SET SQL_MODE = "NO_AUTO_VALUE_ON_ZERO";
START TRANSACTION;
SET time_zone = "+00:00";


/*!40101 SET @OLD_CHARACTER_SET_CLIENT=@@CHARACTER_SET_CLIENT */;
/*!40101 SET @OLD_CHARACTER_SET_RESULTS=@@CHARACTER_SET_RESULTS */;
/*!40101 SET @OLD_COLLATION_CONNECTION=@@COLLATION_CONNECTION */;
/*!40101 SET NAMES utf8mb4 */;

--
-- Database: `biosmart_lovelyfilms`
--

-- --------------------------------------------------------

--
-- Table structure for table `counter`
--

CREATE TABLE `counter` (
  `srno` int(11) NOT NULL,
  `visiters` int(255) NOT NULL,
  `id` int(255) NOT NULL
) ENGINE=InnoDB DEFAULT CHARSET=latin1;

--
-- Dumping data for table `counter`
--

INSERT INTO `counter` (`srno`, `visiters`, `id`) VALUES
(1, 1026386, 0);

-- --------------------------------------------------------

--
-- Table structure for table `ipdb`
--

CREATE TABLE `ipdb` (
  `ip` text NOT NULL,
  `id` int(11) NOT NULL
) ENGINE=InnoDB DEFAULT CHARSET=latin1;

--
-- Dumping data for table `ipdb`
--

INSERT INTO `ipdb` (`ip`, `id`) VALUES
('106.210.46.173', 1),
('42.111.38.87', 2),
('110.224.108.23', 3),
('35.209.8.64', 4),
('110.225.93.73', 5),
('167.71.172.84', 6),
('34.213.40.27', 7),
('34.221.192.51', 8),
('35.93.157.40', 9),
('34.218.234.180', 10),
('185.191.171.15', 11),
('66.249.79.106', 12),
('165.227.77.167', 13),
('54.36.148.87', 14),
('49.205.35.136', 15),
('85.208.96.209', 16),
('66.249.79.108', 17),
('85.208.96.198', 18),
('106.210.47.52', 19),
('54.36.148.171', 20),
('54.36.148.69', 21),
('35.209.186.4', 22),
('193.186.4.143', 23),
('106.194.200.10', 24),
('122.180.247.215', 25),
('223.225.2.172', 26),
('24.199.126.65', 27),
('54.149.232.17', 28),
('35.162.191.227', 29),
('34.216.91.184', 30),
('35.89.250.130', 31),
('35.155.213.203', 32),
('54.202.189.88', 33),
('42.108.16.97', 34),
('74.82.60.34', 35),
('49.37.73.203', 36),
('66.249.79.99', 37),
('66.249.68.2', 38),
('66.249.79.100', 39),
('54.36.148.1', 40),
('54.36.148.196', 41),
('139.59.38.145', 42),
('40.77.167.82', 43),
('54.36.148.245', 44),
('35.209.21.179', 45),
('54.36.148.19', 46),
('40.77.167.41', 47),
('49.15.244.40', 48),
('223.225.20.252', 49),
('157.42.227.27', 50),
('157.42.249.83', 51),
('103.122.6.254', 52),
('66.249.68.4', 53),
('66.220.149.116', 54),
('34.220.135.238', 55),
('34.219.197.108', 56),
('34.219.37.205', 57),
('18.237.240.97', 58),
('106.221.213.207', 59),
('223.225.45.69', 60),
('52.167.144.195', 61),
('167.71.164.63', 62),
('157.35.44.32', 63),
('157.35.6.53', 64),
('138.197.133.223', 65),
('159.65.250.146', 66),
('152.58.188.160', 67),
('52.167.144.211', 68),
('66.249.79.35', 69),
('66.249.79.34', 70),
('54.36.148.175', 71),
('35.208.4.226', 72),
('104.248.23.150', 73),
('165.22.84.54', 74),
('199.244.88.220', 75),
('54.36.149.67', 76),
('157.35.4.163', 77),
('157.35.25.17', 78),
('54.36.148.98', 79),
('40.94.97.4', 80),
('66.249.79.107', 81),
('54.36.148.162', 82),
('54.36.149.91', 83),
('110.226.178.108', 84),
('49.36.26.70', 85),
('66.249.79.110', 86),
('66.249.79.98', 87),
('34.219.138.168', 88),
('35.87.177.200', 89),
('34.219.28.159', 90),
('54.203.49.107', 91),
('47.128.59.141', 92),
('146.190.134.130', 93),
('72.14.201.143', 94),
('72.14.201.141', 95),
('72.14.201.137', 96),
('193.186.4.137', 97),
('193.186.4.136', 98),
('47.128.21.99', 99),
('54.36.148.216', 100),
('72.14.201.140', 101),
('54.36.149.8', 102),
('35.209.60.30', 103),
('66.249.79.33', 104),
('54.36.148.205', 105),
('72.13.62.27', 106),
('173.252.79.118', 107),
('54.36.149.13', 108),
('128.90.181.48', 109),
('128.90.181.48', 110),
('157.245.45.74', 111),
('157.35.1.53', 112),
('198.244.152.59', 113),
('154.160.30.122', 114),
('47.128.54.199', 115),
('1.187.219.38', 116),
('49.32.139.198', 117),
('193.186.4.151', 118),
('47.128.26.140', 119),
('1.187.219.17', 120),
('1.187.213.162', 121),
('47.128.50.10', 122),
('47.128.50.167', 123),
('152.58.190.128', 124),
('106.221.244.91', 125),
('106.209.144.14', 126),
('35.87.197.94', 127),
('52.27.202.192', 128),
('35.93.32.178', 129),
('18.236.72.70', 130),
('54.36.148.139', 131),
('42.108.196.164', 132),
('35.208.109.84', 133),
('54.36.148.81', 134),
('54.36.148.156', 135),
('142.93.39.151', 136),
('66.249.79.97', 137),
('54.36.148.241', 138),
('66.249.74.109', 139),
('85.208.96.204', 140),
('66.249.79.36', 141),
('202.189.233.255', 142),
('117.99.253.78', 143),
('115.98.234.22', 144),
('40.77.167.115', 145),
('49.36.113.139', 146),
('106.221.233.9', 147),
('35.208.65.85', 148),
('35.91.176.98', 149),
('152.58.189.199', 150),
('198.46.241.173', 151),
('157.42.210.2', 152),
('52.167.144.174', 153),
('185.6.10.201', 154),
('128.90.135.86', 155),
('49.35.176.86', 156),
('54.36.149.27', 157),
('157.42.207.198', 158),
('54.36.148.8', 159),
('54.36.149.93', 160),
('157.42.216.33', 161),
('193.186.4.139', 162),
('157.42.202.241', 163),
('202.134.159.138', 164),
('193.186.4.32', 165),
('157.35.82.148', 166),
('152.58.132.33', 167),
('152.58.134.246', 168),
('152.58.132.123', 169),
('152.58.134.190', 170),
('106.210.99.152', 171),
('223.190.170.117', 172),
('49.33.202.68', 173),
('178.254.29.124', 174),
('152.58.158.16', 175),
('167.172.229.170', 176),
('202.142.79.20', 177),
('35.89.123.66', 178),
('54.36.148.144', 179),
('54.36.148.121', 180),
('54.36.148.244', 181),
('147.182.130.99', 182),
('52.167.144.157', 183),
('42.110.137.247', 184),
('157.35.83.204', 185),
('35.209.94.139', 186),
('44.202.233.56', 187),
('54.36.149.77', 188),
('146.190.229.143', 189),
('18.207.111.100', 190),
('54.36.148.67', 191),
('157.42.18.34', 192),
('35.208.156.244', 193),
('157.42.18.235', 194),
('152.58.191.140', 195),
('34.211.114.218', 196),
('34.221.203.33', 197),
('54.184.176.26', 198),
('35.88.217.58', 199),
('52.36.107.83', 200),
('40.77.167.54', 201),
('157.35.7.232', 202),
('5.133.192.105', 203),
('110.226.182.248', 204),
('110.226.182.248', 205),
('54.36.149.81', 206),
('54.36.148.186', 207),
('143.110.147.206', 208),
('35.208.44.32', 209),
('185.169.3.120', 210),
('54.36.149.45', 211),
('152.58.189.180', 212),
('1.38.216.215', 213),
('54.36.148.29', 214),
('54.245.21.204', 215),
('54.244.142.153', 216),
('34.221.59.253', 217),
('50.112.6.1', 218),
('85.208.96.202', 219),
('35.208.146.195', 220),
('54.36.148.15', 221),
('17.241.75.251', 222),
('54.36.148.253', 223),
('106.207.18.215', 224),
('110.224.98.213', 225),
('216.244.66.240', 226),
('52.167.144.163', 227),
('54.245.12.139', 228),
('34.220.26.60', 229),
('34.211.141.105', 230),
('193.186.4.132', 231),
('72.14.201.134', 232),
('72.14.201.131', 233),
('193.186.4.6', 234),
('35.208.171.94', 235),
('40.77.167.22', 236),
('54.36.148.197', 237),
('54.36.148.184', 238),
('52.167.144.234', 239),
('223.238.237.172', 240),
('94.23.203.202', 241),
('106.222.27.103', 242),
('54.36.149.53', 243),
('13.42.57.164', 244),
('72.14.201.142', 245),
('35.87.33.22', 246),
('223.228.204.158', 247),
('40.77.167.24', 248),
('18.237.150.75', 249),
('35.208.11.77', 250),
('207.46.13.17', 251),
('116.202.108.158', 252),
('151.248.1.103', 253),
('117.99.245.147', 254),
('167.99.81.223', 255),
('199.244.88.232', 256),
('54.36.148.32', 257),
('106.206.204.13', 258),
('54.36.149.42', 259),
('54.36.149.14', 260),
('117.99.241.201', 261),
('18.237.197.217', 262),
('34.219.49.165', 263),
('54.36.148.191', 264),
('34.220.205.190', 265),
('35.90.192.77', 266),
('159.203.68.240', 267),
('35.208.177.7', 268),
('66.249.79.32', 269),
('52.167.144.197', 270),
('66.249.79.37', 271),
('54.36.148.45', 272),
('35.88.72.253', 273),
('52.167.144.214', 274),
('54.36.148.227', 275),
('223.187.183.182', 276),
('106.77.182.203', 277),
('202.134.187.69', 278),
('35.208.183.97', 279),
('54.36.149.25', 280),
('54.36.148.62', 281),
('185.191.171.13', 282),
('49.15.234.9', 283),
('35.208.119.43', 284),
('110.225.84.135', 285),
('106.208.158.229', 286),
('54.213.242.107', 287),
('35.89.200.32', 288),
('35.162.138.46', 289),
('35.86.178.86', 290),
('35.91.68.209', 291),
('85.208.96.195', 292),
('106.202.78.110', 293),
('49.12.125.159', 294),
('85.208.96.194', 295),
('159.65.203.121', 296),
('35.237.113.12', 297),
('128.90.43.244', 298),
('49.36.112.59', 299),
('35.208.112.72', 300),
('110.226.181.162', 301),
('34.139.27.245', 302),
('54.36.149.72', 303),
('116.202.35.85', 304),
('34.253.204.157', 305),
('72.14.201.209', 306),
('54.36.148.218', 307),
('54.78.4.242', 308),
('13.56.188.80', 309),
('50.18.96.178', 310),
('54.36.148.154', 311),
('54.36.148.173', 312),
('66.249.79.73', 313),
('72.14.201.14', 314),
('35.209.43.144', 315),
('110.224.122.209', 316),
('54.36.148.112', 317),
('45.164.7.129', 318),
('104.248.37.111', 319),
('3.253.242.164', 320),
('106.209.131.130', 321),
('54.36.148.25', 322),
('193.186.4.142', 323),
('35.209.221.246', 324),
('3.67.135.204', 325),
('54.36.148.51', 326),
('52.57.197.243', 327),
('49.36.105.228', 328),
('167.99.57.135', 329),
('40.77.167.76', 330),
('72.14.201.139', 331),
('106.209.137.101', 332),
('110.226.179.92', 333),
('49.43.27.116', 334),
('54.36.149.43', 335),
('193.186.4.141', 336),
('110.225.82.11', 337),
('54.36.149.17', 338),
('35.208.83.69', 339),
('54.36.148.231', 340),
('93.158.90.166', 341),
('110.44.121.36', 342),
('159.65.24.22', 343),
('54.36.149.34', 344),
('161.35.190.4', 345),
('66.249.73.20', 346),
('66.249.74.99', 347),
('66.249.73.2', 348),
('66.249.74.98', 349),
('66.249.73.4', 350),
('46.101.134.41', 351),
('64.226.76.90', 352),
('35.208.209.204', 353),
('20.191.45.212', 354),
('185.191.171.9', 355),
('47.11.70.137', 356),
('66.249.74.100', 357),
('206.189.9.212', 358),
('54.36.148.213', 359),
('40.77.167.243', 360),
('157.245.96.91', 361),
('93.158.91.12', 362),
('207.46.13.127', 363),
('54.36.149.7', 364),
('185.191.171.18', 365),
('157.55.39.54', 366),
('106.202.77.112', 367),
('66.249.74.96', 368),
('54.36.148.236', 369),
('35.209.189.17', 370),
('34.250.33.213', 371),
('54.36.148.17', 372),
('3.250.135.171', 373),
('3.249.85.50', 374),
('52.167.144.23', 375),
('138.68.129.146', 376),
('52.167.144.140', 377),
('52.167.144.171', 378),
('173.252.79.117', 379),
('52.167.144.221', 380),
('52.215.88.201', 381),
('35.208.170.16', 382),
('54.229.62.6', 383),
('54.36.148.145', 384),
('106.210.107.132', 385),
('54.212.168.186', 386),
('18.236.134.199', 387),
('54.36.148.170', 388),
('152.58.138.11', 389),
('54.36.148.152', 390),
('17.241.75.209', 391),
('157.55.39.49', 392),
('203.115.8.170', 393),
('35.208.222.98', 394),
('54.36.148.212', 395),
('54.36.148.20', 396),
('54.229.22.190', 397),
('18.246.41.201', 398),
('35.88.177.6', 399),
('34.219.209.166', 400),
('52.13.44.137', 401),
('34.211.44.165', 402),
('35.89.67.76', 403),
('54.184.127.57', 404),
('18.246.63.120', 405),
('54.36.148.105', 406),
('45.126.169.234', 407),
('54.36.148.164', 408),
('54.36.148.230', 409),
('49.32.158.43', 410),
('54.36.149.79', 411),
('54.36.148.66', 412),
('157.55.39.15', 413),
('45.55.68.34', 414),
('202.134.187.239', 415),
('157.55.39.204', 416),
('35.209.61.151', 417),
('123.231.109.216', 418),
('172.200.47.205', 419),
('110.226.181.135', 420),
('110.224.33.33', 421),
('103.252.216.125', 422),
('54.36.148.80', 423),
('110.225.89.99', 424),
('35.85.31.28', 425),
('35.167.177.5', 426),
('18.246.53.182', 427),
('34.222.251.53', 428),
('34.208.198.108', 429),
('35.167.136.138', 430),
('149.34.252.59', 431),
('1.187.183.213', 432),
('152.57.233.85', 433),
('74.249.58.241', 434),
('152.57.233.232', 435),
('167.71.180.41', 436),
('172.200.47.204', 437),
('54.36.148.225', 438),
('35.208.90.124', 439),
('54.36.148.26', 440),
('143.110.222.165', 441),
('185.191.171.17', 442),
('134.209.87.29', 443),
('207.46.13.130', 444),
('152.57.146.3', 445),
('185.191.171.10', 446),
('49.32.243.40', 447),
('185.191.171.1', 448),
('103.226.189.88', 449),
('15.235.15.135', 450),
('185.191.171.6', 451),
('104.132.20.69', 452),
('213.165.177.122', 453),
('157.32.42.15', 454),
('106.206.202.15', 455),
('54.36.148.88', 456),
('35.208.246.56', 457),
('149.56.150.59', 458),
('144.217.135.202', 459),
('185.191.171.7', 460),
('106.221.239.188', 461),
('54.36.148.41', 462),
('85.208.96.205', 463),
('88.245.54.65', 464),
('54.36.148.10', 465),
('112.79.75.121', 466),
('112.79.72.210', 467),
('202.134.150.158', 468),
('54.36.149.106', 469),
('35.88.153.106', 470),
('52.26.157.111', 471),
('93.158.90.69', 472),
('35.209.17.190', 473),
('54.36.148.0', 474),
('46.101.137.131', 475),
('54.36.148.160', 476),
('115.98.233.242', 477),
('40.77.167.47', 478),
('106.210.102.165', 479),
('2406:7400:51:c6db:1571:52cc:8960:acbf', 480),
('152.58.54.192', 481),
('35.237.38.250', 482),
('110.224.121.208', 483),
('64.233.173.72', 484),
('64.233.173.64', 485),
('34.79.244.205', 486),
('202.134.149.3', 487),
('34.245.96.154', 488),
('3.249.141.146', 489),
('18.203.253.212', 490),
('34.23.220.207', 491),
('152.58.4.75', 492),
('152.58.5.207', 493),
('152.58.5.188', 494),
('54.202.184.240', 495),
('18.237.46.107', 496),
('34.219.214.136', 497),
('35.92.93.99', 498),
('54.76.186.81', 499),
('34.252.80.146', 500),
('184.75.223.219', 501),
('49.37.27.147', 502),
('198.44.127.34', 503),
('123.231.127.53', 504),
('76.72.173.4', 505),
('49.36.122.210', 506),
('103.72.72.138', 507),
('167.172.54.43', 508),
('104.238.137.193', 509),
('106.210.100.255', 510),
('138.201.60.47', 511),
('35.209.159.173', 512),
('54.36.148.254', 513),
('52.167.144.204', 514),
('34.215.195.82', 515),
('54.36.148.234', 516),
('54.234.76.128', 517),
('172.232.170.13', 518),
('157.55.39.59', 519),
('157.55.39.51', 520),
('35.208.12.92', 521),
('106.194.92.63', 522),
('115.98.234.218', 523),
('207.46.13.6', 524),
('54.185.118.77', 525),
('54.244.61.224', 526),
('35.162.168.249', 527),
('34.220.125.170', 528),
('85.208.96.210', 529),
('5.161.116.213', 530),
('85.208.96.197', 531),
('165.227.162.1', 532),
('85.208.96.212', 533),
('85.208.96.200', 534),
('35.237.125.84', 535),
('54.36.148.235', 536),
('35.208.138.28', 537),
('104.132.20.93', 538),
('106.209.129.243', 539),
('110.226.160.110', 540),
('72.13.46.3', 541),
('106.221.233.120', 542),
('34.217.135.105', 543),
('185.181.60.189', 544),
('5.30.16.31', 545),
('54.36.149.55', 546),
('54.36.149.1', 547),
('115.96.77.181', 548),
('20.7.221.176', 549),
('54.36.149.100', 550),
('54.36.149.4', 551),
('35.209.96.23', 552),
('54.36.148.135', 553),
('110.226.170.161', 554),
('103.175.140.130', 555),
('157.33.47.218', 556),
('115.98.232.11', 557),
('117.99.249.127', 558),
('5.133.192.136', 559),
('223.225.63.97', 560),
('105.66.6.134', 561),
('223.189.23.169', 562),
('52.34.125.250', 563),
('223.187.111.72', 564),
('103.72.72.8', 565),
('207.46.13.155', 566),
('35.225.82.182', 567),
('66.249.79.227', 568),
('54.36.148.177', 569),
('54.36.148.204', 570),
('54.36.148.119', 571),
('3.252.97.79', 572),
('54.36.148.200', 573),
('52.167.144.238', 574),
('52.167.144.237', 575),
('49.205.32.111', 576),
('110.226.182.4', 577),
('40.77.167.63', 578),
('40.94.97.5', 579),
('54.212.198.58', 580),
('159.89.114.167', 581),
('54.191.101.53', 582),
('54.36.149.78', 583),
('35.208.42.13', 584),
('154.28.229.160', 585),
('104.164.173.67', 586),
('103.216.220.42', 587),
('193.32.126.228', 588),
('103.214.20.56', 589),
('193.138.7.207', 590),
('111.223.182.138', 591),
('54.36.149.63', 592),
('106.205.136.180', 593),
('103.175.141.138', 594),
('152.57.124.87', 595),
('54.36.148.50', 596),
('144.126.215.212', 597),
('54.36.149.28', 598),
('54.218.104.248', 599),
('54.190.132.93', 600),
('17.241.219.239', 601),
('35.209.217.133', 602),
('35.84.31.149', 603),
('159.89.180.33', 604),
('85.208.96.201', 605),
('72.14.201.136', 606),
('157.55.39.8', 607),
('84.17.53.169', 608),
('85.208.96.199', 609),
('54.36.149.75', 610),
('207.46.13.64', 611),
('45.119.30.115', 612),
('209.38.196.207', 613),
('171.51.221.196', 614),
('103.178.144.4', 615),
('185.191.171.8', 616),
('139.162.8.154', 617),
('103.42.193.245', 618),
('35.208.76.128', 619),
('35.90.118.175', 620),
('54.36.148.5', 621),
('106.194.193.22', 622),
('54.36.148.201', 623),
('54.36.149.69', 624),
('24.144.100.40', 625),
('142.93.238.91', 626),
('106.76.236.50', 627),
('72.14.201.138', 628),
('54.36.148.9', 629),
('139.59.26.65', 630),
('68.183.207.206', 631),
('34.220.232.72', 632),
('223.184.136.219', 633),
('175.157.228.39', 634),
('207.46.13.150', 635),
('54.36.149.30', 636),
('54.36.149.5', 637),
('134.209.186.220', 638),
('35.208.64.123', 639),
('173.252.79.119', 640),
('54.36.149.85', 641),
('54.36.148.243', 642),
('143.198.169.85', 643),
('223.190.155.229', 644),
('18.237.113.74', 645),
('54.36.148.206', 646),
('164.90.182.80', 647),
('35.209.67.94', 648),
('54.36.148.190', 649),
('193.186.4.154', 650),
('52.15.48.139', 651),
('106.76.246.226', 652),
('54.185.179.226', 653),
('110.224.113.57', 654),
('64.233.173.71', 655),
('35.209.12.96', 656),
('62.141.44.236', 657),
('54.36.148.100', 658),
('34.217.4.43', 659),
('54.36.148.166', 660),
('223.184.173.161', 661),
('117.99.238.120', 662),
('52.167.144.25', 663),
('34.222.44.167', 664),
('54.36.149.52', 665),
('106.221.237.117', 666),
('54.36.148.101', 667),
('35.208.210.206', 668),
('54.36.148.116', 669),
('49.36.144.49', 670),
('146.70.189.198', 671),
('54.36.148.22', 672),
('152.58.53.128', 673),
('152.58.53.193', 674),
('93.158.91.247', 675),
('54.36.149.44', 676),
('34.139.105.244', 677),
('203.192.228.142', 678),
('35.209.174.162', 679),
('54.36.148.48', 680),
('104.196.8.243', 681),
('51.222.253.8', 682),
('54.36.149.71', 683),
('51.222.253.11', 684),
('103.57.84.232', 685),
('54.36.148.252', 686),
('199.244.88.221', 687),
('103.178.144.92', 688),
('40.77.167.56', 689),
('206.84.226.139', 690),
('157.55.39.14', 691),
('110.224.115.184', 692),
('43.230.47.81', 693),
('52.167.144.192', 694),
('35.209.88.150', 695),
('157.38.60.228', 696),
('52.36.169.201', 697),
('74.80.182.88', 698),
('40.77.167.27', 699),
('54.188.75.152', 700),
('54.36.148.95', 701),
('134.209.195.90', 702),
('54.36.148.86', 703),
('40.183.189.148', 704),
('49.43.41.86', 705),
('51.222.253.12', 706),
('49.36.144.249', 707),
('49.36.113.88', 708),
('125.62.146.26', 709),
('35.209.54.185', 710),
('66.249.79.133', 711),
('182.75.80.90', 712),
('40.77.167.26', 713),
('5.133.192.166', 714),
('54.185.207.77', 715),
('85.208.96.193', 716),
('85.208.96.203', 717),
('185.191.171.14', 718),
('40.77.167.61', 719),
('157.230.113.234', 720),
('104.148.0.244', 721),
('112.79.141.153', 722),
('110.224.122.80', 723),
('54.190.199.203', 724),
('54.36.148.222', 725),
('40.77.167.4', 726),
('167.99.37.35', 727),
('35.208.218.215', 728),
('34.211.184.30', 729),
('40.77.167.230', 730),
('34.221.113.17', 731),
('35.91.9.108', 732),
('34.220.163.47', 733),
('54.202.243.209', 734),
('35.85.45.133', 735),
('178.32.143.124', 736),
('54.36.148.104', 737),
('54.36.148.132', 738),
('72.14.201.65', 739),
('35.208.49.115', 740),
('54.36.149.23', 741),
('49.36.101.210', 742),
('47.128.45.60', 743),
('141.98.6.73', 744),
('58.146.112.230', 745),
('35.208.219.237', 746),
('164.90.151.205', 747),
('27.111.75.103', 748),
('152.58.17.141', 749),
('47.128.47.93', 750),
('115.96.77.52', 751),
('106.202.35.206', 752),
('223.225.66.18', 753),
('54.36.148.208', 754),
('152.58.30.138', 755),
('152.58.30.202', 756),
('54.36.149.10', 757),
('35.86.120.97', 758),
('34.211.94.7', 759),
('106.221.161.116', 760),
('54.36.149.33', 761),
('46.228.199.158', 762),
('35.209.73.145', 763),
('52.206.84.190', 764),
('47.128.25.89', 765),
('52.167.144.223', 766),
('54.36.149.65', 767),
('128.199.1.22', 768),
('223.189.3.45', 769),
('185.191.171.4', 770),
('54.36.148.250', 771),
('35.90.192.226', 772),
('34.209.204.180', 773),
('35.164.141.232', 774),
('35.232.68.83', 775),
('35.208.239.37', 776),
('34.42.233.155', 777),
('152.58.57.213', 778),
('54.36.148.246', 779),
('167.71.237.180', 780),
('199.244.88.227', 781),
('165.227.97.216', 782),
('172.225.137.232', 783),
('27.107.129.180', 784),
('35.209.77.133', 785),
('54.36.148.37', 786),
('34.214.69.140', 787),
('35.92.163.148', 788),
('152.58.92.108', 789),
('51.158.241.22', 790),
('172.225.137.239', 791),
('178.254.12.205', 792),
('152.58.20.213', 793),
('42.111.98.58', 794),
('54.36.148.255', 795),
('106.202.41.2', 796),
('103.41.32.182', 797),
('203.192.238.97', 798),
('54.36.148.153', 799),
('138.197.172.128', 800),
('40.77.167.60', 801),
('103.122.6.164', 802),
('54.36.149.15', 803),
('66.249.68.65', 804),
('198.199.88.186', 805),
('104.133.42.215', 806),
('52.167.144.232', 807),
('66.249.79.109', 808),
('35.208.200.216', 809),
('35.207.193.159', 810),
('35.208.96.68', 811),
('104.133.42.213', 812),
('110.224.113.224', 813),
('52.165.163.22', 814),
('34.23.197.99', 815),
('49.32.247.5', 816),
('49.32.245.190', 817),
('110.225.85.63', 818),
('54.36.149.21', 819),
('40.77.167.35', 820),
('34.139.247.246', 821),
('152.58.20.227', 822),
('54.36.149.29', 823),
('35.208.85.93', 824),
('54.36.149.102', 825),
('103.42.193.249', 826),
('223.187.144.247', 827),
('52.36.246.230', 828),
('34.217.42.150', 829),
('34.219.122.234', 830),
('173.252.83.16', 831),
('146.190.32.93', 832),
('202.166.194.18', 833),
('52.167.144.16', 834),
('40.77.167.254', 835),
('52.167.144.166', 836),
('35.208.85.236', 837),
('178.128.243.233', 838),
('54.36.148.149', 839),
('121.123.0.103', 840),
('54.36.148.83', 841),
('17.241.75.68', 842),
('223.187.157.197', 843),
('54.36.148.223', 844),
('49.33.218.95', 845),
('110.225.67.224', 846),
('113.211.118.176', 847),
('113.211.118.176', 848),
('54.36.149.3', 849),
('192.71.12.181', 850),
('35.208.101.152', 851),
('5.133.192.127', 852),
('128.90.143.99', 853),
('128.90.143.99', 854),
('152.58.45.139', 855),
('103.208.225.10', 856),
('54.36.149.82', 857),
('223.189.60.4', 858),
('17.241.75.82', 859),
('35.209.96.244', 860),
('54.36.148.237', 861),
('164.92.206.106', 862),
('54.36.148.54', 863),
('207.46.13.151', 864),
('69.167.32.85', 865),
('54.36.149.6', 866),
('45.118.104.185', 867),
('49.36.120.248', 868),
('223.178.230.218', 869),
('223.225.45.227', 870),
('35.209.199.191', 871),
('152.58.184.83', 872),
('49.36.178.180', 873),
('103.141.111.218', 874),
('3.238.113.79', 875),
('34.221.248.142', 876),
('34.213.150.198', 877),
('52.167.144.233', 878),
('unknown', 879),
('54.36.148.187', 880),
('141.98.255.148', 881),
('54.36.148.134', 882),
('186.80.103.155', 883),
('143.110.213.60', 884),
('24.199.108.69', 885),
('143.110.213.59', 886),
('206.189.11.6', 887),
('143.110.214.174', 888),
('206.189.10.221', 889),
('161.35.185.219', 890),
('161.35.174.220', 891),
('161.35.185.225', 892),
('54.36.149.101', 893),
('188.166.145.116', 894),
('207.154.232.192', 895),
('188.166.156.175', 896),
('157.46.185.245', 897),
('35.208.23.92', 898),
('164.100.121.13', 899),
('122.162.145.168', 900),
('54.36.148.130', 901),
('157.35.51.89', 902),
('47.128.19.156', 903),
('185.191.171.19', 904),
('159.223.108.237', 905),
('35.208.81.39', 906),
('185.191.171.16', 907),
('157.35.64.66', 908),
('52.167.144.210', 909),
('106.221.233.33', 910),
('54.36.148.228', 911),
('49.35.238.29', 912),
('115.96.216.132', 913),
('54.36.149.9', 914),
('157.55.39.10', 915),
('15.235.114.125', 916),
('144.217.135.210', 917),
('144.217.135.148', 918),
('54.36.149.57', 919),
('66.249.68.66', 920),
('35.208.7.245', 921),
('104.248.43.227', 922),
('103.69.113.103', 923),
('17.58.57.102', 924),
('206.189.11.235', 925),
('223.187.152.147', 926),
('24.144.82.180', 927),
('188.166.145.195', 928),
('161.35.185.223', 929),
('195.85.114.118', 930),
('161.35.185.238', 931),
('188.166.158.186', 932),
('164.92.98.45', 933),
('152.57.178.123', 934),
('157.35.27.228', 935),
('146.75.205.16', 936),
('172.225.219.41', 937),
('152.58.43.49', 938),
('183.87.178.154', 939),
('49.36.144.105', 940),
('147.182.233.140', 941),
('54.36.149.83', 942),
('161.35.185.239', 943),
('35.209.183.206', 944),
('3.254.174.143', 945),
('161.35.185.213', 946),
('152.58.0.158', 947),
('52.167.144.229', 948),
('193.186.4.168', 949),
('192.36.109.73', 950),
('152.58.43.113', 951),
('157.35.7.87', 952),
('34.243.157.251', 953),
('34.244.64.20', 954),
('72.14.201.135', 955),
('54.201.4.154', 956),
('54.36.148.125', 957),
('1.38.216.203', 958),
('3.237.255.25', 959),
('66.249.68.67', 960),
('35.209.225.225', 961),
('104.196.155.125', 962),
('54.36.148.40', 963),
('34.23.8.36', 964),
('143.42.7.182', 965),
('157.35.6.190', 966),
('157.35.2.226', 967),
('102.113.255.197', 968),
('152.58.25.50', 969),
('103.101.109.27', 970),
('152.58.231.209', 971),
('152.58.231.195', 972),
('117.99.243.25', 973),
('117.99.243.35', 974),
('152.58.51.185', 975),
('35.209.212.144', 976),
('54.146.138.55', 977),
('171.77.154.16', 978),
('199.244.88.218', 979),
('5.133.192.94', 980),
('152.58.51.138', 981),
('139.59.190.200', 982),
('193.186.4.140', 983),
('157.35.61.62', 984),
('152.58.187.22', 985),
('125.21.244.68', 986),
('34.254.163.122', 987),
('52.208.224.10', 988),
('18.202.24.36', 989),
('3.249.174.130', 990),
('54.36.149.61', 991),
('54.170.82.186', 992),
('54.36.149.95', 993),
('185.191.171.11', 994),
('3.15.181.105', 995),
('85.208.96.211', 996),
('17.241.227.30', 997),
('159.65.241.223', 998),
('49.36.112.47', 999),
('54.36.148.127', 1000),
('117.99.240.249', 1001),
('49.32.189.140', 1002),
('49.34.191.167', 1003),
('72.13.62.25', 1004),
('23.229.67.136', 1005),
('49.32.137.88', 1006),
('157.90.212.83', 1007),
('138.197.178.180', 1008),
('51.222.253.20', 1009),
('157.35.61.177', 1010),
('117.99.204.107', 1011),
('35.208.117.57', 1012),
('66.249.79.101', 1013),
('51.222.253.4', 1014),
('202.71.158.234', 1015),
('51.222.253.13', 1016),
('103.140.26.51', 1017),
('178.62.74.6', 1018),
('159.223.237.150', 1019),
('208.91.67.100', 1020),
('47.128.21.237', 1021),
('51.222.253.1', 1022),
('35.208.213.46', 1023),
('106.208.87.68', 1024),
('66.249.79.102', 1025),
('110.226.179.148', 1026),
('45.118.157.201', 1027),
('49.37.72.77', 1028),
('51.222.253.3', 1029),
('34.230.54.8', 1030),
('152.58.189.129', 1031),
('51.222.253.9', 1032),
('51.222.253.15', 1033),
('51.222.253.10', 1034),
('51.222.253.2', 1035),
('157.35.1.124', 1036),
('51.222.253.5', 1037),
('51.222.253.6', 1038),
('147.182.140.67', 1039),
('110.224.115.159', 1040),
('34.222.116.118', 1041),
('51.222.253.16', 1042),
('110.226.179.86', 1043),
('66.249.75.195', 1044),
('41.238.41.30', 1045),
('35.209.110.183', 1046),
('47.128.40.87', 1047),
('64.225.54.24', 1048),
('68.183.79.8', 1049),
('185.191.171.5', 1050),
('34.255.192.179', 1051),
('157.33.122.241', 1052),
('157.33.93.55', 1053),
('51.222.253.18', 1054),
('35.208.139.2', 1055),
('51.222.253.7', 1056),
('5.133.192.128', 1057),
('135.181.221.147', 1058),
('42.106.250.21', 1059),
('40.94.102.41', 1060),
('40.94.103.83', 1061),
('49.32.148.175', 1062),
('42.110.162.13', 1063),
('34.223.249.130', 1064),
('54.244.219.156', 1065),
('106.207.2.160', 1066),
('17.241.219.142', 1067),
('51.222.253.17', 1068),
('47.128.41.161', 1069),
('35.209.52.226', 1070),
('4.255.216.34', 1071),
('139.59.139.142', 1072),
('107.172.21.161', 1073),
('35.209.160.117', 1074),
('173.252.87.7', 1075),
('34.253.26.230', 1076),
('49.37.9.152', 1077),
('173.252.79.120', 1078),
('51.222.253.14', 1079),
('103.42.193.212', 1080),
('49.204.31.120', 1081),
('40.94.97.57', 1082),
('40.94.87.71', 1083),
('35.209.250.13', 1084),
('35.237.188.73', 1085),
('20.150.206.185', 1086),
('3.120.41.190', 1087),
('47.128.48.98', 1088),
('110.226.179.201', 1089),
('35.196.55.126', 1090),
('40.88.21.235', 1091),
('66.249.79.103', 1092),
('209.38.216.112', 1093),
('49.32.243.37', 1094),
('35.209.162.217', 1095),
('17.241.219.195', 1096),
('40.94.88.87', 1097),
('106.209.187.183', 1098),
('172.104.168.106', 1099),
('17.246.15.44', 1100),
('17.241.227.253', 1101),
('27.7.109.204', 1102),
('3.70.158.159', 1103),
('17.241.75.236', 1104),
('17.246.23.187', 1105),
('17.22.237.102', 1106),
('152.58.32.101', 1107),
('35.209.236.104', 1108),
('110.172.138.49', 1109),
('174.138.60.218', 1110),
('106.207.52.34', 1111),
('165.0.127.236', 1112),
('103.216.70.158', 1113),
('45.119.30.215', 1114),
('35.209.144.177', 1115),
('167.172.109.18', 1116),
('192.36.109.128', 1117),
('47.128.63.105', 1118),
('17.241.227.42', 1119),
('152.58.36.45', 1120),
('152.58.36.225', 1121),
('152.58.36.82', 1122),
('152.58.36.218', 1123),
('49.36.176.234', 1124),
('49.36.176.234', 1125),
('35.208.239.35', 1126),
('180.241.31.76', 1127),
('66.249.79.238', 1128),
('49.36.138.91', 1129),
('1.162.146.213', 1130),
('182.69.178.206', 1131),
('35.209.30.172', 1132),
('103.26.57.179', 1133),
('47.9.149.204', 1134),
('1.46.3.182', 1135),
('172.233.246.127', 1136),
('112.133.245.182', 1137),
('106.51.16.214', 1138),
('3.127.211.135', 1139),
('54.191.6.254', 1140),
('54.212.158.88', 1141),
('35.209.54.6', 1142),
('223.187.138.169', 1143),
('85.208.96.206', 1144),
('106.213.87.243', 1145),
('49.36.11.24', 1146),
('61.245.171.151', 1147),
('51.159.186.138', 1148),
('188.166.23.197', 1149),
('104.248.136.146', 1150),
('106.207.223.177', 1151),
('183.83.52.209', 1152),
('202.149.205.90', 1153),
('152.58.32.56', 1154),
('157.48.64.31', 1155),
('64.225.13.49', 1156),
('152.58.22.220', 1157),
('152.58.21.25', 1158),
('152.58.22.21', 1159),
('152.58.22.222', 1160),
('152.58.22.64', 1161),
('47.15.14.154', 1162),
('164.90.187.43', 1163),
('178.208.171.87', 1164),
('203.76.178.230', 1165),
('35.240.26.43', 1166),
('34.77.16.121', 1167),
('35.190.213.44', 1168),
('208.91.67.220', 1169),
('146.190.160.182', 1170),
('110.227.48.105', 1171),
('199.244.88.226', 1172),
('42.111.96.15', 1173),
('35.209.36.105', 1174),
('152.58.185.233', 1175),
('106.209.227.133', 1176),
('49.36.113.167', 1177),
('1.47.14.1', 1178),
('54.212.17.167', 1179),
('52.11.44.120', 1180),
('5.133.192.135', 1181),
('106.210.35.139', 1182),
('54.188.30.170', 1183),
('223.187.143.95', 1184),
('106.210.40.160', 1185),
('93.158.91.243', 1186),
('18.184.78.133', 1187),
('175.157.57.49', 1188),
('206.189.136.152', 1189),
('17.241.75.48', 1190),
('103.139.56.154', 1191),
('104.28.37.206', 1192),
('3.67.135.131', 1193),
('72.14.201.3', 1194),
('35.208.158.97', 1195),
('117.97.241.38', 1196),
('103.104.181.6', 1197),
('152.58.158.49', 1198),
('152.58.158.243', 1199),
('152.58.158.233', 1200),
('110.225.82.236', 1201),
('110.226.181.170', 1202),
('173.252.79.116', 1203),
('173.252.87.6', 1204),
('122.161.188.173', 1205),
('17.241.227.171', 1206),
('138.68.71.199', 1207),
('202.3.77.204', 1208),
('14.98.177.244', 1209),
('17.241.75.79', 1210),
('52.114.14.102', 1211),
('206.84.239.243', 1212),
('110.224.43.104', 1213),
('35.208.255.225', 1214),
('136.226.255.18', 1215),
('115.243.128.133', 1216),
('115.70.254.66', 1217),
('152.58.44.254', 1218),
('51.79.71.18', 1219),
('103.92.41.192', 1220),
('35.208.101.249', 1221),
('206.84.236.85', 1222),
('152.58.72.56', 1223),
('122.161.49.250', 1224),
('45.64.195.18', 1225),
('104.28.37.207', 1226),
('202.134.171.78', 1227),
('49.32.133.134', 1228),
('49.36.235.97', 1229),
('106.194.232.7', 1230),
('152.58.4.234', 1231),
('47.128.24.77', 1232),
('167.71.226.49', 1233),
('49.13.81.67', 1234),
('35.209.74.7', 1235),
('103.139.56.226', 1236),
('188.121.3.115', 1237),
('103.139.56.254', 1238),
('110.224.113.246', 1239),
('110.226.178.133', 1240),
('42.107.132.237', 1241),
('110.226.183.111', 1242),
('106.194.229.66', 1243),
('171.60.195.95', 1244),
('157.97.14.51', 1245),
('106.194.111.162', 1246),
('66.249.68.36', 1247),
('188.165.221.65', 1248),
('35.208.218.26', 1249),
('47.11.83.192', 1250),
('1.38.144.126', 1251),
('178.128.240.125', 1252),
('115.96.216.85', 1253),
('49.32.230.170', 1254),
('93.158.90.135', 1255),
('193.186.4.102', 1256),
('95.214.55.187', 1257),
('35.209.247.103', 1258),
('5.133.192.133', 1259),
('185.191.171.2', 1260),
('36.255.233.46', 1261),
('36.255.233.206', 1262),
('36.255.234.213', 1263),
('198.199.91.45', 1264),
('34.148.192.223', 1265),
('185.191.171.3', 1266),
('34.73.170.191', 1267),
('35.231.251.235', 1268),
('106.221.163.116', 1269),
('49.37.72.44', 1270),
('191.95.167.48', 1271),
('54.149.53.140', 1272),
('38.152.0.23', 1273),
('149.56.150.101', 1274),
('149.56.150.209', 1275),
('152.58.49.50', 1276),
('17.241.219.134', 1277),
('103.216.212.24', 1278),
('152.58.55.126', 1279),
('35.241.198.63', 1280),
('152.58.32.32', 1281),
('88.99.136.18', 1282),
('122.162.151.249', 1283),
('35.209.84.105', 1284),
('69.167.11.88', 1285),
('124.253.213.247', 1286),
('110.224.112.101', 1287),
('106.208.152.158', 1288),
('85.255.20.171', 1289),
('106.202.130.67', 1290),
('152.57.64.225', 1291),
('14.195.3.18', 1292),
('35.208.188.68', 1293),
('49.36.121.44', 1294),
('223.228.254.188', 1295),
('157.34.11.233', 1296),
('164.92.142.221', 1297),
('199.244.88.222', 1298),
('103.183.44.56', 1299),
('72.14.201.44', 1300),
('159.65.207.124', 1301),
('35.209.201.213', 1302),
('152.59.134.120', 1303),
('110.224.121.2', 1304),
('68.183.198.238', 1305),
('119.82.83.121', 1306),
('34.229.127.147', 1307),
('223.187.180.249', 1308),
('49.36.122.254', 1309),
('110.224.127.96', 1310),
('172.98.32.179', 1311),
('172.98.32.177', 1312),
('179.61.240.35', 1313),
('51.254.199.11', 1314),
('72.14.201.23', 1315),
('17.241.219.46', 1316),
('35.209.139.38', 1317),
('103.129.112.3', 1318),
('42.104.120.137', 1319),
('202.134.148.29', 1320),
('223.182.170.29', 1321),
('106.207.52.176', 1322),
('47.128.48.151', 1323),
('87.249.134.25', 1324),
('154.28.229.128', 1325),
('154.28.229.253', 1326),
('185.204.1.212', 1327),
('154.28.229.30', 1328),
('45.87.9.124', 1329),
('65.21.65.198', 1330),
('117.99.236.99', 1331),
('135.148.195.11', 1332),
('154.29.172.32', 1333),
('205.169.39.156', 1334),
('205.169.39.184', 1335),
('176.53.221.121', 1336),
('176.53.221.97', 1337),
('207.102.138.32', 1338),
('104.238.9.147', 1339),
('62.210.90.209', 1340),
('117.99.238.191', 1341),
('45.87.9.188', 1342),
('107.22.1.31', 1343),
('89.249.57.221', 1344),
('89.249.59.147', 1345),
('89.249.57.31', 1346),
('54.85.68.239', 1347),
('3.84.93.194', 1348),
('89.249.58.107', 1349),
('18.208.230.51', 1350),
('54.165.102.36', 1351),
('54.157.204.77', 1352),
('3.81.201.123', 1353),
('45.87.9.156', 1354),
('54.81.76.44', 1355),
('209.242.215.150', 1356),
('54.205.170.10', 1357),
('54.81.57.168', 1358),
('34.229.61.240', 1359),
('3.208.3.32', 1360),
('3.90.246.54', 1361),
('54.158.241.222', 1362),
('54.92.137.159', 1363),
('54.82.211.221', 1364),
('35.175.214.226', 1365),
('3.81.32.64', 1366),
('45.90.61.78', 1367),
('176.53.218.107', 1368),
('95.164.233.36', 1369),
('38.154.224.126', 1370),
('45.90.62.197', 1371),
('176.53.222.78', 1372),
('176.53.219.103', 1373),
('45.90.61.14', 1374),
('89.104.101.134', 1375),
('89.104.111.103', 1376),
('176.53.216.23', 1377),
('104.154.41.55', 1378),
('89.104.101.196', 1379),
('89.104.110.175', 1380),
('176.53.217.111', 1381),
('34.219.59.200', 1382),
('35.89.154.202', 1383),
('35.89.154.202', 1384),
('54.163.197.245', 1385),
('51.89.211.248', 1386),
('34.17.41.163', 1387),
('130.255.166.166', 1388),
('146.247.229.2', 1389),
('93.158.71.185', 1390);

-- --------------------------------------------------------

--
-- Table structure for table `tbl_admin`
--

CREATE TABLE `tbl_admin` (
  `ID` int(11) NOT NULL,
  `admin_userid` varchar(255) NOT NULL,
  `admin_pass` varchar(255) NOT NULL,
  `admin_status` int(11) NOT NULL
) ENGINE=InnoDB DEFAULT CHARSET=latin1;

--
-- Dumping data for table `tbl_admin`
--

INSERT INTO `tbl_admin` (`ID`, `admin_userid`, `admin_pass`, `admin_status`) VALUES
(1, 'admin', 'admin@321', 1);

-- --------------------------------------------------------

--
-- Table structure for table `tbl_districts`
--

CREATE TABLE `tbl_districts` (
  `id` int(11) NOT NULL,
  `state_id` int(11) DEFAULT NULL,
  `name` varchar(100) DEFAULT NULL
) ENGINE=MyISAM DEFAULT CHARSET=utf8;

--
-- Dumping data for table `tbl_districts`
--

INSERT INTO `tbl_districts` (`id`, `state_id`, `name`) VALUES
(1, 1, 'NICOBAR'),
(2, 1, 'NORTH ANDAMAN'),
(3, 1, 'SOUTH ANDAMAN'),
(4, 2, 'ANANTAPUR'),
(5, 2, 'CHITTOOR'),
(6, 2, 'EAST GODAVARI'),
(7, 2, 'GUNTUR'),
(8, 2, 'KADAPA'),
(9, 2, 'KRISHNA'),
(10, 2, 'KURNOOL'),
(11, 2, 'SRI POTTI SRI RAMULU NELLORE'),
(12, 2, 'PRAKASAM'),
(13, 2, 'SRIKAKULAM'),
(14, 2, 'VISHAKHAPATNAM'),
(15, 2, 'VIZIANAGARAM'),
(16, 2, 'WEST GODAVARI'),
(17, 3, 'ANJAW'),
(18, 3, 'SIANG'),
(19, 3, 'CHANGLANG'),
(20, 3, 'DIBANG VALLEY'),
(21, 3, 'EAST KAMENG'),
(22, 3, 'EAST SIANG'),
(23, 3, 'KAMLE'),
(24, 3, 'KRA DAADI'),
(25, 3, 'KURUNG KUMEY'),
(26, 3, 'LEPA RADA'),
(27, 3, 'LOHIT'),
(28, 3, 'LONGDING'),
(29, 3, 'LOWER DIBANG VALLEY'),
(30, 3, 'LOWER SIANG'),
(31, 3, 'LOWER SUBANSIRI'),
(32, 3, 'NAMSAI'),
(33, 3, 'PAKKE KESSANG'),
(34, 3, 'PAPUM PARE'),
(35, 3, 'SHI YOMI'),
(36, 3, 'TAWANG'),
(37, 3, 'TIRAP'),
(38, 3, 'UPPER SIANG'),
(39, 3, 'UPPER SUBANSIRI'),
(40, 3, 'WEST KAMENG'),
(41, 3, 'WEST SIANG'),
(42, 4, 'BAJALI'),
(43, 4, 'BAKSA'),
(44, 4, 'BARPETA'),
(45, 4, 'BISWANATH'),
(46, 4, 'BONGAIGAON'),
(47, 4, 'CACHAR'),
(48, 4, 'CHARAIDEO'),
(49, 4, 'CHIRANG'),
(50, 4, 'DARRANG'),
(51, 4, 'DHEMAJI'),
(52, 4, 'DHUBRI'),
(53, 4, 'DIBRUGARH'),
(54, 4, 'DIMA HASAO'),
(55, 4, 'GOALPARA'),
(56, 4, 'GOLAGHAT'),
(57, 4, 'HAILAKANDI'),
(58, 4, 'HOJAI'),
(59, 4, 'JORHAT'),
(60, 4, 'KAMRUP'),
(61, 4, 'KAMRUP METROPOLITAN'),
(62, 4, 'KARBI ANGLONG'),
(63, 4, 'KARIMGANJ'),
(64, 4, 'KOKRAJHAR'),
(65, 4, 'LAKHIMPUR'),
(66, 4, 'MAJULI'),
(67, 4, 'MORIGAON'),
(68, 4, 'NAGAON'),
(69, 4, 'NALBARI'),
(70, 4, 'SIVASAGAR'),
(71, 4, 'SONITPUR'),
(72, 4, 'SOUTH SALAMARA-MANKACHAR'),
(73, 4, 'TINSUKIA'),
(74, 4, 'UDALGURI'),
(75, 4, 'WEST KARBI ANGLONG'),
(76, 5, 'ARARIA'),
(77, 5, 'ARWAL'),
(78, 5, 'AURANGABAD'),
(79, 5, 'BANKA'),
(80, 5, 'BEGUSARAI'),
(81, 5, 'BHAGALPUR'),
(82, 5, 'BHOJPUR'),
(83, 5, 'BUXAR'),
(84, 5, 'DARBHANGA'),
(85, 5, 'EAST CHAMPARAN'),
(86, 5, 'GAYA'),
(87, 5, 'GOPALGANJ'),
(88, 5, 'JAMUI'),
(89, 5, 'JEHANABAD'),
(90, 5, 'KAIMUR'),
(91, 5, 'KATIHAR'),
(92, 5, 'KHAGARIA'),
(93, 5, 'KISHANGANJ'),
(94, 5, 'LAKHISARAI'),
(95, 5, 'MADHEPURA'),
(96, 5, 'MADHUBANI'),
(97, 5, 'MUNGER'),
(98, 5, 'MUZAFFARPUR'),
(99, 5, 'NALANDA'),
(100, 5, 'NAWADA'),
(101, 5, 'PATNA'),
(102, 5, 'PURNIA'),
(103, 5, 'ROHTAS'),
(104, 5, 'SAHARSA'),
(105, 5, 'SAMASTIPUR'),
(106, 5, 'SARAN'),
(107, 5, 'SHEIKHPURA'),
(108, 5, 'SHEOHAR'),
(109, 5, 'SITAMARHI'),
(110, 5, 'SIWAN'),
(111, 5, 'SUPAUL'),
(112, 5, 'VAISHALI'),
(113, 5, 'WEST CHAMPARAN'),
(114, 6, 'CHANDIGARH'),
(115, 7, 'BALOD'),
(116, 7, 'BALODA BAZAR'),
(117, 7, 'BALRAMPUR'),
(118, 7, 'BASTAR'),
(119, 7, 'BEMETARA'),
(120, 7, 'BIJAPUR'),
(121, 7, 'BILASPUR'),
(122, 7, 'DANTEWADA'),
(123, 7, 'DHAMTARI'),
(124, 7, 'DURG'),
(125, 7, 'GARIYABAND'),
(126, 7, 'GAURELA PENDRA MARWAHI'),
(127, 7, 'JANJGIR-CHAMPA'),
(128, 7, 'JASHPUR'),
(129, 7, 'KABIRDHAM'),
(130, 7, 'KANKER'),
(131, 7, 'KONDAGAON'),
(132, 7, 'KORBA'),
(133, 7, 'KORIYA'),
(134, 7, 'MAHASAMUND'),
(135, 7, 'MUNGELI'),
(136, 7, 'NARAYANPUR'),
(137, 7, 'RAIGARH'),
(138, 7, 'RAIPUR'),
(139, 7, 'RAJNANDGAON'),
(140, 7, 'SUKMA'),
(141, 7, 'SURAJPUR'),
(142, 7, 'SURGUJA'),
(143, 8, 'DADRA AND NAGAR HAVELI'),
(144, 9, 'DAMAN'),
(145, 9, 'DIU'),
(146, 10, 'CENTRAL DELHI'),
(147, 10, 'EAST DELHI'),
(148, 10, 'NEW DELHI'),
(149, 10, 'NORTH DELHI'),
(150, 10, 'NORTH EAST DELHI'),
(151, 10, 'NORTH WEST DELHI'),
(152, 10, 'SHAHDARA'),
(153, 10, 'SOUTH DELHI'),
(154, 10, 'SOUTH EAST DELHI'),
(155, 10, 'SOUTH WEST DELHI'),
(156, 10, 'WEST DELHI'),
(157, 11, 'NORTH GOA'),
(158, 11, 'SOUTH GOA'),
(159, 12, 'AHMEDABAD'),
(160, 12, 'AMRELI DISTRICT'),
(161, 12, 'ANAND'),
(162, 12, 'ARAVALLI'),
(163, 12, 'BANASKANTHA'),
(164, 12, 'BHARUCH'),
(165, 12, 'BHAVNAGAR'),
(166, 12, 'BOTAD'),
(167, 12, 'CHHOTA UDAIPUR'),
(168, 12, 'DAHOD'),
(169, 12, 'DANG'),
(170, 12, 'DEVBHOOMI DWARKA'),
(171, 12, 'GANDHINAGAR'),
(172, 12, 'GIR SOMNATH'),
(173, 12, 'JAMNAGAR'),
(174, 12, 'JUNAGADH'),
(175, 12, 'KHEDA'),
(176, 12, 'KUTCH'),
(177, 12, 'MAHISAGAR'),
(178, 12, 'MEHSANA'),
(179, 12, 'MORBI'),
(180, 12, 'NARMADA'),
(181, 12, 'NAVSARI'),
(182, 12, 'PANCHMAHAL'),
(183, 12, 'PATAN'),
(184, 12, 'PORBANDAR'),
(185, 12, 'RAJKOT'),
(186, 12, 'SABARKANTHA'),
(187, 12, 'SURAT'),
(188, 12, 'SURENDRANAGAR'),
(189, 12, 'TAPI'),
(190, 12, 'VADODARA'),
(191, 12, 'VALSAD'),
(192, 13, 'AMBALA'),
(193, 13, 'BHIWANI'),
(194, 13, 'CHARKHI DADRI'),
(195, 13, 'FARIDABAD'),
(196, 13, 'FATEHABAD'),
(197, 13, 'GURGAON'),
(198, 13, 'HISSAR'),
(199, 13, 'JHAJJAR'),
(200, 13, 'JIND'),
(201, 13, 'KAITHAL'),
(202, 13, 'KARNAL'),
(203, 13, 'KURUKSHETRA'),
(204, 13, 'MAHENDRAGARH'),
(205, 13, 'MEWAT'),
(206, 13, 'PALWAL'),
(207, 13, 'PANCHKULA'),
(208, 13, 'PANIPAT'),
(209, 13, 'REWARI'),
(210, 13, 'ROHTAK'),
(211, 13, 'SIRSA'),
(212, 13, 'SONIPAT'),
(213, 13, 'YAMUNA NAGAR'),
(214, 14, 'BILASPUR'),
(215, 14, 'CHAMBA'),
(216, 14, 'HAMIRPUR'),
(217, 14, 'KANGRA'),
(218, 14, 'KINNAUR'),
(219, 14, 'KULLU'),
(220, 14, 'LAHAUL AND SPITI'),
(221, 14, 'MANDI'),
(222, 14, 'SHIMLA'),
(223, 14, 'SIRMAUR'),
(224, 14, 'SOLAN'),
(225, 14, 'UNA'),
(226, 15, 'ANANTNAG'),
(227, 15, 'BANDIPORA'),
(228, 15, 'BARAMULLA'),
(229, 15, 'BADGAM'),
(230, 15, 'DODA'),
(231, 15, 'GANDERBAL'),
(232, 15, 'JAMMU'),
(233, 15, 'KATHUA'),
(234, 15, 'KISHTWAR'),
(235, 15, 'KULGAM'),
(236, 15, 'KUPWARA'),
(237, 15, 'POONCH'),
(238, 15, 'PULWAMA'),
(239, 15, 'RAJOURI'),
(240, 15, 'RAMBAN'),
(241, 15, 'REASI'),
(242, 15, 'SAMBA'),
(243, 15, 'SHOPIAN'),
(244, 15, 'SRINAGAR'),
(245, 15, 'UDHAMPUR'),
(246, 16, 'BOKARO'),
(247, 16, 'CHATRA'),
(248, 16, 'DEOGHAR'),
(249, 16, 'DHANBAD'),
(250, 16, 'DUMKA'),
(251, 16, 'EAST SINGHBHUM'),
(252, 16, 'GARHWA'),
(253, 16, 'GIRIDIH'),
(254, 16, 'GODDA'),
(255, 16, 'GUMLA'),
(256, 16, 'HAZARIBAG'),
(257, 16, 'JAMTARA'),
(258, 16, 'KHUNTI'),
(259, 16, 'KODERMA'),
(260, 16, 'LATEHAR'),
(261, 16, 'LOHARDAGA'),
(262, 16, 'PAKUR'),
(263, 16, 'PALAMU'),
(264, 16, 'RAMGARH'),
(265, 16, 'RANCHI'),
(266, 16, 'SAHIBGANJ'),
(267, 16, 'SERAIKELA KHARSAWAN'),
(268, 16, 'SIMDEGA'),
(269, 16, 'WEST SINGHBHUM'),
(270, 17, 'BAGALKOT'),
(271, 17, 'BANGALORE RURAL'),
(272, 17, 'BANGALORE URBAN'),
(273, 17, 'BELLARY'),
(274, 17, 'BELGAUM'),
(275, 17, 'BIDAR'),
(276, 17, 'CHAMARAJNAGAR'),
(277, 17, 'CHIKKABALLAPUR'),
(278, 17, 'CHIKKAMAGALURU'),
(279, 17, 'CHITRADURGA'),
(280, 17, 'DAKSHINA KANNADA'),
(281, 17, 'DAVANAGERE'),
(282, 17, 'DHARWAD'),
(283, 17, 'GADAG'),
(284, 17, 'GULBARGA'),
(285, 17, 'HASSAN'),
(286, 17, 'HAVERI DISTRICT'),
(287, 17, 'KODAGU'),
(288, 17, 'KOLAR'),
(289, 17, 'KOPPAL'),
(290, 17, 'MANDYA'),
(291, 17, 'MYSORE'),
(292, 17, 'RAICHUR'),
(293, 17, 'RAMANAGARA'),
(294, 17, 'SHIMOGA'),
(295, 17, 'TUMKUR'),
(296, 17, 'UDUPI'),
(297, 17, 'UTTARA KANNADA'),
(298, 17, 'VIJAYANAGARA'),
(299, 17, 'VIJAYAPURA'),
(300, 17, 'YADGIR'),
(301, 18, 'ALAPPUZHA'),
(302, 18, 'ERNAKULAM'),
(303, 18, 'IDUKKI'),
(304, 18, 'KANNUR'),
(305, 18, 'KASARAGOD'),
(306, 18, 'KOLLAM'),
(307, 18, 'KOTTAYAM'),
(308, 18, 'KOZHIKODE'),
(309, 18, 'MALAPPURAM'),
(310, 18, 'PALAKKAD'),
(311, 18, 'PATHANAMTHITTA'),
(312, 18, 'THRISSUR'),
(313, 18, 'THIRUVANANTHAPURAM'),
(314, 18, 'WAYANAD'),
(315, 19, 'LAKSHADWEEP'),
(316, 20, 'KARGIL'),
(317, 20, 'LEH'),
(318, 21, 'AGAR'),
(319, 21, 'ALIRAJPUR'),
(320, 21, 'ANUPPUR'),
(321, 21, 'ASHOK NAGAR'),
(322, 21, 'BALAGHAT'),
(323, 21, 'BARWANI'),
(324, 21, 'BETUL'),
(325, 21, 'BHIND'),
(326, 21, 'BHOPAL'),
(327, 21, 'BURHANPUR'),
(328, 21, 'CHACHAURA'),
(329, 21, 'CHHATARPUR'),
(330, 21, 'CHHINDWARA'),
(331, 21, 'DAMOH'),
(332, 21, 'DATIA'),
(333, 21, 'DEWAS'),
(334, 21, 'DHAR'),
(335, 21, 'DINDORI'),
(336, 21, 'GUNA'),
(337, 21, 'GWALIOR'),
(338, 21, 'HARDA'),
(339, 21, 'HOSHANGABAD'),
(340, 21, 'INDORE'),
(341, 21, 'JABALPUR'),
(342, 21, 'JHABUA'),
(343, 21, 'KATNI'),
(344, 21, 'KHANDWA (EAST NIMAR)'),
(345, 21, 'KHARGONE (WEST NIMAR)'),
(346, 21, 'MAIHAR'),
(347, 21, 'MANDLA'),
(348, 21, 'MANDSAUR'),
(349, 21, 'MORENA'),
(350, 21, 'NARSINGHPUR'),
(351, 21, 'NAGDA'),
(352, 21, 'NEEMUCH'),
(353, 21, 'NIWARI'),
(354, 21, 'PANNA'),
(355, 21, 'RAISEN'),
(356, 21, 'RAJGARH'),
(357, 21, 'RATLAM'),
(358, 21, 'REWA'),
(359, 21, 'SAGAR'),
(360, 21, 'SATNA'),
(361, 21, 'SEHORE'),
(362, 21, 'SEONI'),
(363, 21, 'SHAHDOL'),
(364, 21, 'SHAJAPUR'),
(365, 21, 'SHEOPUR'),
(366, 21, 'SHIVPURI'),
(367, 21, 'SIDHI'),
(368, 21, 'SINGRAULI'),
(369, 21, 'TIKAMGARH'),
(370, 21, 'UJJAIN'),
(371, 21, 'UMARIA'),
(372, 21, 'VIDISHA'),
(373, 22, 'AHMEDNAGAR'),
(374, 22, 'AKOLA'),
(375, 22, 'AMRAVATI'),
(376, 22, 'AURANGABAD'),
(377, 22, 'BEED'),
(378, 22, 'BHANDARA'),
(379, 22, 'BULDHANA'),
(380, 22, 'CHANDRAPUR'),
(381, 22, 'DHULE'),
(382, 22, 'GADCHIROLI'),
(383, 22, 'GONDIA'),
(384, 22, 'HINGOLI'),
(385, 22, 'JALGAON'),
(386, 22, 'JALNA'),
(387, 22, 'KOLHAPUR'),
(388, 22, 'LATUR'),
(389, 22, 'MUMBAI CITY'),
(390, 22, 'MUMBAI SUBURBAN'),
(391, 22, 'NAGPUR'),
(392, 22, 'NANDED'),
(393, 22, 'NANDURBAR'),
(394, 22, 'NASHIK'),
(395, 22, 'OSMANABAD'),
(396, 22, 'PALGHAR'),
(397, 22, 'PARBHANI'),
(398, 22, 'PUNE'),
(399, 22, 'RAIGAD'),
(400, 22, 'RATNAGIRI'),
(401, 22, 'SANGLI'),
(402, 22, 'SATARA'),
(403, 22, 'SINDHUDURG'),
(404, 22, 'SOLAPUR'),
(405, 22, 'THANE'),
(406, 22, 'WARDHA'),
(407, 22, 'WASHIM'),
(408, 22, 'YAVATMAL'),
(409, 23, 'BISHNUPUR'),
(410, 23, 'CHANDEL'),
(411, 23, 'CHURACHANDPUR'),
(412, 23, 'IMPHAL EAST'),
(413, 23, 'IMPHAL WEST'),
(414, 23, 'JIRIBAM'),
(415, 23, 'KAKCHING'),
(416, 23, 'KAMJONG'),
(417, 23, 'KANGPOKPI'),
(418, 23, 'NONEY'),
(419, 23, 'PHERZAWL'),
(420, 23, 'SENAPATI'),
(421, 23, 'TAMENGLONG'),
(422, 23, 'TENGNOUPAL'),
(423, 23, 'THOUBAL'),
(424, 23, 'UKHRUL'),
(425, 24, 'EAST GARO HILLS'),
(426, 24, 'EAST JAINTIA HILLS'),
(427, 24, 'EAST KHASI HILLS'),
(428, 24, 'NORTH GARO HILLS'),
(429, 24, 'RI BHOI'),
(430, 24, 'SOUTH GARO HILLS'),
(431, 24, 'SOUTH WEST GARO HILLS'),
(432, 24, 'SOUTH WEST KHASI HILLS'),
(433, 24, 'WEST GARO HILLS'),
(434, 24, 'WEST JAINTIA HILLS'),
(435, 24, 'WEST KHASI HILLS'),
(436, 25, 'AIZAWL'),
(437, 25, 'CHAMPHAI'),
(438, 25, 'HNAHTHIAL'),
(439, 25, 'KOLASIB'),
(440, 25, 'KHAWZAWL'),
(441, 25, 'LAWNGTLAI'),
(442, 25, 'LUNGLEI'),
(443, 25, 'MAMIT'),
(444, 25, 'SAIHA'),
(445, 25, 'SERCHHIP'),
(446, 25, 'SAITUAL'),
(447, 26, 'MON'),
(448, 26, 'DIMAPUR'),
(449, 26, 'KIPHIRE'),
(450, 26, 'KOHIMA'),
(451, 26, 'LONGLENG'),
(452, 26, 'MOKOKCHUNG'),
(453, 26, 'NOKLAK'),
(454, 26, 'PEREN'),
(455, 26, 'PHEK'),
(456, 26, 'TUENSANG'),
(457, 26, 'WOKHA'),
(458, 26, 'ZUNHEBOTO'),
(459, 27, 'ANGUL'),
(460, 27, 'BOUDH (BAUDA)'),
(461, 27, 'BHADRAK'),
(462, 27, 'BALANGIR'),
(463, 27, 'BARGARH (BARAGARH)'),
(464, 27, 'BALASORE'),
(465, 27, 'CUTTACK'),
(466, 27, 'DEBAGARH (DEOGARH)'),
(467, 27, 'DHENKANAL'),
(468, 27, 'GANJAM'),
(469, 27, 'GAJAPATI'),
(470, 27, 'JHARSUGUDA'),
(471, 27, 'JAJPUR'),
(472, 27, 'JAGATSINGHPUR'),
(473, 27, 'KHORDHA'),
(474, 27, 'KENDUJHAR (KEONJHAR)'),
(475, 27, 'KALAHANDI'),
(476, 27, 'KANDHAMAL'),
(477, 27, 'KORAPUT'),
(478, 27, 'KENDRAPARA'),
(479, 27, 'MALKANGIRI'),
(480, 27, 'MAYURBHANJ'),
(481, 27, 'NABARANGPUR'),
(482, 27, 'NUAPADA'),
(483, 27, 'NAYAGARH'),
(484, 27, 'PURI'),
(485, 27, 'RAYAGADA'),
(486, 27, 'SAMBALPUR'),
(487, 27, 'SUBARNAPUR (SONEPUR)'),
(488, 27, 'SUNDERGARH'),
(489, 28, 'KARAIKAL'),
(490, 28, 'MAHE'),
(491, 28, 'PONDICHERRY'),
(492, 28, 'YANAM'),
(493, 29, 'AMRITSAR'),
(494, 29, 'BARNALA'),
(495, 29, 'BATHINDA'),
(496, 29, 'FARIDKOT'),
(497, 29, 'FATEHGARH SAHIB'),
(498, 29, 'FAZILKA'),
(499, 29, 'FIROZPUR'),
(500, 29, 'GURDASPUR'),
(501, 29, 'HOSHIARPUR'),
(502, 29, 'JALANDHAR'),
(503, 29, 'KAPURTHALA'),
(504, 29, 'LUDHIANA'),
(505, 29, 'MANSA'),
(506, 29, 'MOGA'),
(507, 29, 'MOHALI'),
(508, 29, 'MUKTSAR'),
(509, 29, 'PATHANKOT'),
(510, 29, 'PATIALA'),
(511, 29, 'RUPNAGAR'),
(512, 29, 'SANGRUR'),
(513, 29, 'SHAHID BHAGAT SINGH NAGAR'),
(514, 29, 'TARN TARAN'),
(515, 30, 'AJMER'),
(516, 30, 'ALWAR'),
(517, 30, 'BANSWARA'),
(518, 30, 'BARAN'),
(519, 30, 'BARMER'),
(520, 30, 'BHARATPUR'),
(521, 30, 'BHILWARA'),
(522, 30, 'BIKANER'),
(523, 30, 'BUNDI'),
(524, 30, 'CHITTORGARH'),
(525, 30, 'CHURU'),
(526, 30, 'DAUSA'),
(527, 30, 'DHOLPUR'),
(528, 30, 'DUNGAPUR'),
(529, 30, 'HANUMANGARH'),
(530, 30, 'JAIPUR'),
(531, 30, 'JAISALMER'),
(532, 30, 'JALORE'),
(533, 30, 'JHALAWAR'),
(534, 30, 'JHUNJHUNU'),
(535, 30, 'JODHPUR'),
(536, 30, 'KARAULI'),
(537, 30, 'KOTA'),
(538, 30, 'NAGAUR'),
(539, 30, 'PALI'),
(540, 30, 'PRATAPGARH'),
(541, 30, 'RAJSAMAND'),
(542, 30, 'SAWAI MADHOPUR'),
(543, 30, 'SIKAR'),
(544, 30, 'SIROHI'),
(545, 30, 'GANGANAGAR'),
(546, 30, 'TONK'),
(547, 30, 'UDAIPUR'),
(548, 31, 'EAST SIKKIM'),
(549, 31, 'NORTH SIKKIM'),
(550, 31, 'SOUTH SIKKIM'),
(551, 31, 'WEST SIKKIM'),
(552, 32, 'ARIYALUR'),
(553, 32, 'CHENGALPATTU'),
(554, 32, 'CHENNAI'),
(555, 32, 'COIMBATORE'),
(556, 32, 'CUDDALORE'),
(557, 32, 'DHARMAPURI'),
(558, 32, 'DINDIGUL'),
(559, 32, 'ERODE'),
(560, 32, 'KALLAKURICHI'),
(561, 32, 'KANCHIPURAM'),
(562, 32, 'KANYAKUMARI'),
(563, 32, 'KARUR'),
(564, 32, 'KRISHNAGIRI'),
(565, 32, 'MADURAI'),
(566, 32, 'MAYILADUTHURAI'),
(567, 32, 'NAGAPATTINAM'),
(568, 32, 'NAMAKKAL'),
(569, 32, 'NILGIRIS'),
(570, 32, 'PERAMBALUR'),
(571, 32, 'PUDUKKOTTAI'),
(572, 32, 'RAMANATHAPURAM'),
(573, 32, 'RANIPET'),
(574, 32, 'SALEM'),
(575, 32, 'SIVAGANGA'),
(576, 32, 'TENKASI'),
(577, 32, 'THANJAVUR'),
(578, 32, 'THENI'),
(579, 32, 'THOOTHUKUDI'),
(580, 32, 'TIRUCHIRAPPALLI'),
(581, 32, 'TIRUNELVELI'),
(582, 32, 'TIRUPATHUR'),
(583, 32, 'TIRUPUR'),
(584, 32, 'TIRUVALLUR'),
(585, 32, 'TIRUVANNAMALAI'),
(586, 32, 'TIRUVARUR'),
(587, 32, 'VELLORE'),
(588, 32, 'VILUPPURAM'),
(589, 32, 'VIRUDHUNAGAR'),
(590, 33, 'ADILABAD'),
(591, 33, 'BHADRADRI KOTHAGUDEM'),
(592, 33, 'HYDERABAD'),
(593, 33, 'JAGTIAL'),
(594, 33, 'JANGAON'),
(595, 33, 'JAYASHANKAR BHOOPALPALLY'),
(596, 33, 'JOGULAMBA GADWAL'),
(597, 33, 'KAMAREDDY'),
(598, 33, 'KARIMNAGAR'),
(599, 33, 'KHAMMAM'),
(600, 33, 'KOMARAM BHEEM'),
(601, 33, 'MAHABUBABAD'),
(602, 33, 'MAHABUBNAGAR'),
(603, 33, 'MANCHERIAL'),
(604, 33, 'MEDAK'),
(605, 33, 'MEDCHAL'),
(606, 33, 'MULUGU'),
(607, 33, 'NAGARKURNOOL'),
(608, 33, 'NALGONDA'),
(609, 33, 'NARAYANPET'),
(610, 33, 'NIRMAL'),
(611, 33, 'NIZAMABAD'),
(612, 33, 'PEDDAPALLE'),
(613, 33, 'RAJANNA SIRCILLA'),
(614, 33, 'RANGAREDDY'),
(615, 33, 'SANGAREDDY'),
(616, 33, 'SIDDIPET'),
(617, 33, 'SURYAPET'),
(618, 33, 'VIKARABAD'),
(619, 33, 'WANAPARTHY'),
(620, 33, 'WARANGAL (RURAL)'),
(621, 33, 'WARANGAL (URBAN)'),
(622, 33, 'YADADRI BHUVANAGIRI'),
(623, 34, 'DHALAI'),
(624, 34, 'GOMATI'),
(625, 34, 'KHOWAI'),
(626, 34, 'NORTH TRIPURA'),
(627, 34, 'SEPAHIJALA'),
(628, 34, 'SOUTH TRIPURA'),
(629, 34, 'UNAKOTI'),
(630, 34, 'WEST TRIPURA'),
(631, 35, 'AGRA'),
(632, 35, 'ALIGARH'),
(633, 35, 'AMBEDKAR NAGAR'),
(634, 35, 'AMETHI'),
(635, 35, 'AMROHA'),
(636, 35, 'AURAIYA'),
(637, 35, 'AYODHYA'),
(638, 35, 'AZAMGARH'),
(639, 35, 'BAGPAT'),
(640, 35, 'BAHRAICH'),
(641, 35, 'BALLIA'),
(642, 35, 'BALRAMPUR'),
(643, 35, 'BANDA'),
(644, 35, 'BARABANKI'),
(645, 35, 'BAREILLY'),
(646, 35, 'BASTI'),
(647, 35, 'BHADOHI'),
(648, 35, 'BIJNOR'),
(649, 35, 'BUDAUN'),
(650, 35, 'BULANDSHAHR'),
(651, 35, 'CHANDAULI'),
(652, 35, 'CHITRAKOOT'),
(653, 35, 'DEORIA'),
(654, 35, 'ETAH'),
(655, 35, 'ETAWAH'),
(656, 35, 'FARRUKHABAD'),
(657, 35, 'FATEHPUR'),
(658, 35, 'FIROZABAD'),
(659, 35, 'GAUTAM BUDDH NAGAR'),
(660, 35, 'GHAZIABAD'),
(661, 35, 'GHAZIPUR'),
(662, 35, 'GONDA'),
(663, 35, 'GORAKHPUR'),
(664, 35, 'HAMIRPUR'),
(665, 35, 'HAPUR'),
(666, 35, 'HARDOI'),
(667, 35, 'HATHRAS'),
(668, 35, 'JALAUN'),
(669, 35, 'JAUNPUR DISTRICT'),
(670, 35, 'JHANSI'),
(671, 35, 'KANNAUJ'),
(672, 35, 'KANPUR DEHAT'),
(673, 35, 'KANPUR NAGAR'),
(674, 35, 'KASGANJ'),
(675, 35, 'KAUSHAMBI'),
(676, 35, 'LAKHIMPUR KHERI'),
(677, 35, 'KUSHINAGAR'),
(678, 35, 'LALITPUR'),
(679, 35, 'LUCKNOW'),
(680, 35, 'MAHARAJGANJ'),
(681, 35, 'MAHOBA'),
(682, 35, 'MAINPURI'),
(683, 35, 'MATHURA'),
(684, 35, 'MAU'),
(685, 35, 'MEERUT'),
(686, 35, 'MIRZAPUR'),
(687, 35, 'MORADABAD'),
(688, 35, 'MUZAFFARNAGAR'),
(689, 35, 'PILIBHIT'),
(690, 35, 'PRATAPGARH'),
(691, 35, 'PRAYAGRAJ'),
(692, 35, 'RAEBARELI'),
(693, 35, 'RAMPUR'),
(694, 35, 'SAHARANPUR'),
(695, 35, 'SAMBHAL'),
(696, 35, 'SANT KABIR NAGAR'),
(697, 35, 'SHAHJAHANPUR'),
(698, 35, 'SHAMLI'),
(699, 35, 'SHRAVASTI'),
(700, 35, 'SIDDHARTHNAGAR'),
(701, 35, 'SITAPUR'),
(702, 35, 'SONBHADRA'),
(703, 35, 'SULTANPUR'),
(704, 35, 'UNNAO'),
(705, 35, 'VARANASI'),
(706, 36, 'ALMORA'),
(707, 36, 'BAGESHWAR'),
(708, 36, 'CHAMOLI'),
(709, 36, 'CHAMPAWAT'),
(710, 36, 'DEHRADUN'),
(711, 36, 'HARIDWAR'),
(712, 36, 'NAINITAL'),
(713, 36, 'PAURI GARHWAL'),
(714, 36, 'PITHORAGARH'),
(715, 36, 'RUDRAPRAYAG'),
(716, 36, 'TEHRI GARHWAL'),
(717, 36, 'UDHAM SINGH NAGAR'),
(718, 36, 'UTTARKASHI'),
(719, 37, 'ALIPURDUAR'),
(720, 37, 'BANKURA'),
(721, 37, 'BIRBHUM'),
(722, 37, 'COOCH BEHAR'),
(723, 37, 'DAKSHIN DINAJPUR'),
(724, 37, 'DARJEELING'),
(725, 37, 'HOOGHLY'),
(726, 37, 'HOWRAH'),
(727, 37, 'JALPAIGURI'),
(728, 37, 'JHARGRAM'),
(729, 37, 'KALIMPONG'),
(730, 37, 'KOLKATA'),
(731, 37, 'MALDAH'),
(732, 37, 'MURSHIDABAD'),
(733, 37, 'NADIA'),
(734, 37, 'NORTH 24 PARGANAS'),
(735, 37, 'PASCHIM BARDHAMAN'),
(736, 37, 'PASCHIM MEDINIPUR'),
(737, 37, 'PURBA BARDHAMAN'),
(738, 37, 'PURBA MEDINIPUR'),
(739, 37, 'PURULIA'),
(740, 37, 'SOUTH 24 PARGANAS'),
(741, 37, 'UTTAR DINAJPUR');

-- --------------------------------------------------------

--
-- Table structure for table `tbl_height`
--

CREATE TABLE `tbl_height` (
  `ID` int(11) NOT NULL,
  `Height` varchar(255) NOT NULL,
  `Status` int(11) NOT NULL DEFAULT '1'
) ENGINE=InnoDB DEFAULT CHARSET=latin1;

--
-- Dumping data for table `tbl_height`
--

INSERT INTO `tbl_height` (`ID`, `Height`, `Status`) VALUES
(1, 'less then 2', 1),
(2, '2 (60 cm)', 1),
(3, '2\'1\" (63 cm)', 1),
(4, '2\' 2\" (66 cm)', 1),
(5, '2\' 3\" (68 cm)', 1),
(6, '2\' 4\" (71 cm)', 1),
(7, '2\' 5\" (73 cm)', 1),
(8, '2\' 6\" (76 cm)', 1),
(9, '2\' 7\" (78 cm)', 1),
(10, '2\' 8\" (81 cm)', 1),
(11, '2\' 9\" (83 cm)', 1),
(12, '2\' 10\" (86 cm)', 1),
(13, '2\' 11\" (88 cm)', 1),
(14, '3\' (91 cm)', 1),
(15, '3\' 1\" (93 cm)', 1),
(16, '3\' 2\" (96 cm)', 1),
(17, '3\' 3\" (99 cm)', 1),
(18, '3\' 4\" (101 cm)', 1),
(19, '3\' 5\"  (104 cm)', 1),
(20, '3\' 6\"  (106 cm)', 1),
(21, '3\' 7\"  (109 cm)', 1),
(22, '3\' 8\"  (111 cm)', 1),
(23, '3\' 9\"  (114 cm)', 1),
(24, '3\' 10\"  (116 cm)', 1),
(25, '3\' 11\"  (119 cm)', 1),
(26, '4\' (121 cm)', 1),
(27, '4\' 1\" (124 cm)', 1),
(28, '4\' 2\" (127 cm)', 1),
(29, '4\' 3\" (129 cm)', 1),
(30, '4\' 4\" (132 cm)', 1),
(31, '4\' 5\" (134 cm)', 1),
(32, '4\' 6\" (137 cm)', 1),
(33, '4\' 7\" (139 cm)', 1),
(34, '4\' 8\" (142 cm)', 1),
(35, '4\' 9\" (144 cm)', 1),
(36, '4\' 10\" (147 cm)', 1),
(37, '4\' 11\" (149 cm)', 1),
(38, '5\' (152 cm)', 1),
(39, '5\' 1\" (154 cm)', 1),
(40, '5\' 2\" (157 cm)', 1),
(41, '5\' 3\" (160 cm)', 1),
(42, '5\' 4\" (162 cm)', 1),
(43, '5\' 5\" (165 cm)', 1),
(44, '5\' 6\" (167 cm)', 1),
(45, '5\' 7\" (170 cm)', 1),
(46, '5\' 8\" (172 cm)', 1),
(47, '5\' 9\" (175 cm)', 1),
(48, '5\' 10\" (177 cm)', 1),
(49, '5\' 11\" (180 cm)', 1),
(50, '6\' (182 cm)', 1),
(51, '6\' 1\" (185 cm)', 1),
(52, '6\' 2\" (187 cm)', 1),
(53, '6\' 3\" (190 cm)', 1),
(54, '6\' 4\" (193 cm)', 1),
(55, '6\' 5\" (195 cm)', 1),
(56, '6\' 6\" (198 cm)', 1),
(57, 'more than 6\' 6\"', 1);

-- --------------------------------------------------------

--
-- Table structure for table `tbl_language`
--

CREATE TABLE `tbl_language` (
  `ID` int(11) NOT NULL,
  `Name` varchar(50) COLLATE utf8_unicode_ci NOT NULL,
  `Status` int(11) NOT NULL DEFAULT '1'
) ENGINE=MyISAM DEFAULT CHARSET=utf8 COLLATE=utf8_unicode_ci;

--
-- Dumping data for table `tbl_language`
--

INSERT INTO `tbl_language` (`ID`, `Name`, `Status`) VALUES
(1, 'Hindi', 1),
(2, 'English', 1),
(3, 'Bengali', 1),
(4, 'Marathi', 1),
(5, 'Telugu', 1),
(6, 'Tamil', 1),
(7, 'Gujarati', 1),
(8, 'Urdu', 1),
(9, 'Kannada', 1),
(10, 'Odia', 1),
(11, 'Malayalam', 1),
(12, 'Punjabi', 1),
(13, 'Bhojpuri', 1),
(14, 'Other', 1);

-- --------------------------------------------------------

--
-- Table structure for table `tbl_news`
--

CREATE TABLE `tbl_news` (
  `id` int(11) NOT NULL,
  `title` text,
  `description` text,
  `link` varchar(200) DEFAULT NULL,
  `photo` varchar(200) DEFAULT NULL,
  `created_at` timestamp NOT NULL DEFAULT CURRENT_TIMESTAMP
) ENGINE=InnoDB DEFAULT CHARSET=utf8mb4;

--
-- Dumping data for table `tbl_news`
--

INSERT INTO `tbl_news` (`id`, `title`, `description`, `link`, `photo`, `created_at`) VALUES
(1, '     ', '            1                    ,     ,  ,  ,                            ', 'https://www.livehindustan.com/uttar-pradesh/meerut/story-shooting-of-the-film-court-kachari-begins-6544958.html', '1.JPG', '2023-09-16 11:19:44'),
(7, 'Setters Movie Review {2.5 /5}: Critic Review of Setters by', 'The film follows the cat and mouse game between friends-turned-foes  cop Aditya (Aftab Shivdasani) and a setter Apurva (Shreyas Talpade), who heads and orchestrates an exam leaking cartel in north India.', 'https://timesofindia.indiatimes.com/entertainment/hindi/movie-reviews/setters/movie-review/69149034.cms', 'times.jpeg', '2023-09-16 11:19:44'),
(8, 'Setters (2019) - IMDb', 'A thriller set in Benares, Jaipur, Mumbai and Delhi, Setters is about a racket profiteering from ...', 'https://www.imdb.com/title/tt9239772/', 'setters.jpg', '2023-09-16 11:19:44'),
(9, 'Setters movie review: An insipid Aftab Shivdasani meets an ...', '\"Kaahe Labadh-Labadh Kar Raha Hai?\" Sounds So Much More Colourful Than Its English Translations \"Why Are You Blabbering?\" Or \"Why Are You Talking Rubbish?\" Siraj Ahmed\'s Hindi Dialogues, Rooted In The Soil Of Varanasi, Are Among  The Nicer Elements In Setters, A Film Set In The Holy City Amidst An Unholy Bunch Of Locals Running An Exam Paper Leaking Racket.', 'https://www.firstpost.com/entertainment/bollywood/setters-movie-review-an-insipid-aftab-shivdasani-meets-an-impressive-shreyas-talpade-6562681.html', 'Firstblog.jpg', '2023-09-16 11:19:44'),
(10, '\'Setters\' review: A choppy crime-comedy that fails on most fronts', 'Setters is a Neeraj Pandey movie directed by someone else (Ashwini Chaudhary), one that features Shreyas Talpade and Aftab Shivdasani in place of Akshay Kumar and Manoj Bajpayee. The film looks into the insidious exam-setting scam in the capital cities of Northern India.', 'https://www.newindianexpress.com/entertainment/review/2019/may/04/setters-review-a-choppy-crime-comedy-that-fails-on-most-fronts-1972329.html', 'indianexp.jpg', '2023-09-16 11:19:44'),
(12, '\' \'         ', ' \' \'         .          -    .                   .                 .       .', 'https://www.etvbharat.com/hindi/uttar-pradesh/state/meerut/exclusive-interview-of-cast-of-court-kachari-movie/up20220529143658147147792', '768-512-15415301-thumbnail-3x2-pf.jpg', '2023-09-18 17:23:07');

-- --------------------------------------------------------

--
-- Table structure for table `tbl_register`
--

CREATE TABLE `tbl_register` (
  `RegId` int(11) NOT NULL,
  `WhoAreYou` varchar(30) DEFAULT NULL,
  `WhoAreYouOther` varchar(30) DEFAULT NULL,
  `FirstName` varchar(30) DEFAULT NULL,
  `LastName` varchar(30) DEFAULT NULL,
  `DateofBirth` varchar(10) DEFAULT NULL,
  `Height` varchar(20) DEFAULT NULL,
  `Weight` varchar(10) DEFAULT NULL,
  `Gender` varchar(20) DEFAULT NULL,
  `CINTAAMembership` varchar(10) DEFAULT NULL,
  `State` varchar(20) DEFAULT NULL,
  `District` varchar(30) DEFAULT NULL,
  `Address` text,
  `EduQualifications` text,
  `Experience` varchar(10) DEFAULT NULL,
  `Languages` text,
  `LanguagesName` varchar(30) DEFAULT NULL,
  `ExperienceInTo` varchar(30) DEFAULT NULL,
  `Email` varchar(50) DEFAULT NULL,
  `Mobile` varchar(10) DEFAULT NULL,
  `VideoUrl` text,
  `UploadFile` text,
  `ip_address` varchar(50) DEFAULT NULL,
  `session_id` varchar(200) DEFAULT NULL,
  `created_at` varchar(10) DEFAULT NULL
) ENGINE=MyISAM DEFAULT CHARSET=utf8mb4;

-- --------------------------------------------------------

--
-- Table structure for table `tbl_state`
--

CREATE TABLE `tbl_state` (
  `id` int(11) NOT NULL,
  `name` varchar(100) DEFAULT NULL,
  `status` enum('0','1') NOT NULL DEFAULT '1',
  `created_at` timestamp NULL DEFAULT CURRENT_TIMESTAMP,
  `updated_at` timestamp NULL DEFAULT NULL
) ENGINE=MyISAM DEFAULT CHARSET=latin1;

--
-- Dumping data for table `tbl_state`
--

INSERT INTO `tbl_state` (`id`, `name`, `status`, `created_at`, `updated_at`) VALUES
(1, 'ANDAMAN & NICOBAR ISLANDS (UT)', '1', '2020-10-23 10:44:08', NULL),
(2, 'ANDHRA PRADESH', '1', '2020-10-23 10:44:08', NULL),
(3, 'ARUNACHAL PRADESH', '1', '2020-10-23 10:44:08', NULL),
(4, 'ASSAM', '1', '2020-10-23 10:44:08', NULL),
(5, 'BIHAR', '1', '2020-10-23 10:44:08', NULL),
(6, 'CHANDIGARH (UT)', '1', '2020-10-23 10:44:08', NULL),
(7, 'CHHATTISGARH', '1', '2020-10-23 10:44:08', NULL),
(8, 'DADAR & NAGAR HAVELI (UT)', '1', '2020-10-23 10:44:08', NULL),
(9, 'DAMAN & DIU (UT)', '1', '2020-10-23 10:44:08', NULL),
(10, 'DELHI (NCT)', '1', '2020-10-23 10:44:08', NULL),
(11, 'GOA', '1', '2020-10-23 10:44:08', NULL),
(12, 'GUJARAT', '1', '2020-10-23 10:44:08', NULL),
(13, 'HARYANA', '1', '2020-10-23 10:44:08', NULL),
(14, 'HIMACHAL PRADESH', '1', '2020-10-23 10:44:08', NULL),
(15, 'JAMMU & KASHMIR (UT)', '1', '2020-10-23 10:44:08', NULL),
(16, 'JHARKHAND', '1', '2020-10-23 10:44:08', NULL),
(17, 'KARNATAKA', '1', '2020-10-23 10:44:08', NULL),
(18, 'KERALA', '1', '2020-10-23 10:44:08', NULL),
(19, 'LAKSHADWEEP (UT)', '1', '2020-10-23 10:44:08', NULL),
(20, 'LADAKH', '1', '2020-10-23 10:44:08', NULL),
(21, 'MADHYA PRADESH', '1', '2020-10-23 10:44:08', NULL),
(22, 'MAHARASTRA', '1', '2020-10-23 10:44:08', NULL),
(23, 'MANIPUR', '1', '2020-10-23 10:44:08', NULL),
(24, 'MEGHALAYA', '1', '2020-10-23 10:44:08', NULL),
(25, 'MIZORAM', '1', '2020-10-23 10:44:08', NULL),
(26, 'NAGALAND', '1', '2020-10-23 10:44:08', NULL),
(27, 'ODISHA', '1', '2020-10-23 10:44:08', NULL),
(28, 'PUDUCHERRY (UT)', '1', '2020-10-23 10:44:08', NULL),
(29, 'PUNJAB', '1', '2020-10-23 10:44:08', NULL),
(30, 'RAJASTHAN', '1', '2020-10-23 10:44:08', NULL),
(31, 'SIKKIM', '1', '2020-10-23 10:44:08', NULL),
(32, 'TAMIL NADU', '1', '2020-10-23 10:44:08', NULL),
(33, 'TELANGANA', '1', '2020-10-23 10:44:08', NULL),
(34, 'TRIPURA', '1', '2020-10-23 10:44:08', NULL),
(35, 'UTTAR PRADESH', '1', '2020-10-23 10:44:08', NULL),
(36, 'UTTARAKHAND', '1', '2020-10-23 10:44:08', NULL),
(37, 'WEST BENGAL', '1', '2020-10-23 10:44:08', NULL);

-- --------------------------------------------------------

--
-- Table structure for table `tbl_types`
--

CREATE TABLE `tbl_types` (
  `ID` int(11) NOT NULL,
  `Name` varchar(255) COLLATE utf8_unicode_ci NOT NULL,
  `Price` varchar(255) COLLATE utf8_unicode_ci NOT NULL,
  `Status` int(11) NOT NULL DEFAULT '1'
) ENGINE=MyISAM DEFAULT CHARSET=utf8 COLLATE=utf8_unicode_ci;

--
-- Dumping data for table `tbl_types`
--

INSERT INTO `tbl_types` (`ID`, `Name`, `Price`, `Status`) VALUES
(1, 'Actor', '1000', 1),
(2, 'Actress', '500', 1),
(3, 'Singer', '1000', 1),
(4, 'Dancer', '500', 1),
(5, 'Anchor', '500', 1),
(6, 'Camera Man', '500', 1),
(7, 'Technical Assistant', '1000', 1),
(8, 'Script Writing', '1000', 1),
(9, 'Director', '1000', 1),
(10, 'Art Director', '1000', 1),
(11, 'Casting Director', '1000', 1),
(12, 'Producer', '1000', 1),
(13, 'Action Master', '1000', 1),
(14, 'Dialogue Delivery', '1000', 1),
(15, 'Costume Director', '1000', 1),
(16, 'Sound Recordist', '1000', 1),
(17, 'Others', '1000', 1);

--
-- Indexes for dumped tables
--

--
-- Indexes for table `counter`
--
ALTER TABLE `counter`
  ADD PRIMARY KEY (`srno`);

--
-- Indexes for table `ipdb`
--
ALTER TABLE `ipdb`
  ADD PRIMARY KEY (`id`);

--
-- Indexes for table `tbl_admin`
--
ALTER TABLE `tbl_admin`
  ADD PRIMARY KEY (`ID`);

--
-- Indexes for table `tbl_districts`
--
ALTER TABLE `tbl_districts`
  ADD PRIMARY KEY (`id`);

--
-- Indexes for table `tbl_height`
--
ALTER TABLE `tbl_height`
  ADD PRIMARY KEY (`ID`);

--
-- Indexes for table `tbl_language`
--
ALTER TABLE `tbl_language`
  ADD PRIMARY KEY (`ID`);

--
-- Indexes for table `tbl_news`
--
ALTER TABLE `tbl_news`
  ADD PRIMARY KEY (`id`);

--
-- Indexes for table `tbl_register`
--
ALTER TABLE `tbl_register`
  ADD PRIMARY KEY (`RegId`);

--
-- Indexes for table `tbl_state`
--
ALTER TABLE `tbl_state`
  ADD PRIMARY KEY (`id`);

--
-- Indexes for table `tbl_types`
--
ALTER TABLE `tbl_types`
  ADD PRIMARY KEY (`ID`);

--
-- AUTO_INCREMENT for dumped tables
--

--
-- AUTO_INCREMENT for table `counter`
--
ALTER TABLE `counter`
  MODIFY `srno` int(11) NOT NULL AUTO_INCREMENT, AUTO_INCREMENT=2;

--
-- AUTO_INCREMENT for table `ipdb`
--
ALTER TABLE `ipdb`
  MODIFY `id` int(11) NOT NULL AUTO_INCREMENT, AUTO_INCREMENT=1391;

--
-- AUTO_INCREMENT for table `tbl_districts`
--
ALTER TABLE `tbl_districts`
  MODIFY `id` int(11) NOT NULL AUTO_INCREMENT, AUTO_INCREMENT=742;

--
-- AUTO_INCREMENT for table `tbl_news`
--
ALTER TABLE `tbl_news`
  MODIFY `id` int(11) NOT NULL AUTO_INCREMENT, AUTO_INCREMENT=13;

--
-- AUTO_INCREMENT for table `tbl_register`
--
ALTER TABLE `tbl_register`
  MODIFY `RegId` int(11) NOT NULL AUTO_INCREMENT;

--
-- AUTO_INCREMENT for table `tbl_state`
--
ALTER TABLE `tbl_state`
  MODIFY `id` int(11) NOT NULL AUTO_INCREMENT, AUTO_INCREMENT=38;
COMMIT;

/*!40101 SET CHARACTER_SET_CLIENT=@OLD_CHARACTER_SET_CLIENT */;
/*!40101 SET CHARACTER_SET_RESULTS=@OLD_CHARACTER_SET_RESULTS */;
/*!40101 SET COLLATION_CONNECTION=@OLD_COLLATION_CONNECTION */;
